<employees status = "ok">

        <record empno = "101">

            <name>Pratham PAtel</name>
            <position>CEO</position>
 			<Salary>64645</Salary>
        </record>

        <record empno = "102">

            <name>Parul Shah</name>
            <position>Finance Manager</position>
			<Salary>12000</Salary>
        </record>

 		<record empno = "103">

            <name>Manan Shah</name>
            <position> Manager</position>
			<Salary>52000</Salary>
        </record>
</employees>